state,lat,lng,elevation,ndvi,land_surface_temp,soil_moisture,rainfall,geology_type,prospectivity_score
Karnataka,18.1796,77.428,578.9,0.244,24.5,0.067,1652.8,archean,0.624
Odisha,22.4097,86.4135,269.9,0.259,24.9,0.141,1277.2,gondite_archean,0.705
Karnataka,13.893,76.9474,211.6,0.325,27.9,0.187,1563.7,archean,0.544
Madhya Pradesh,21.1626,78.8604,236.4,0.189,37.2,0.34,1589.2,gondite_archean,0.566
Karnataka,12.6349,77.2369,452.1,0.223,29.9,0.06,1700.3,archean,0.568
Karnataka,15.3804,76.6868,247.9,0.732,34.4,0.332,1684.3,archean,0.553
Madhya Pradesh,24.2266,74.7079,256.8,0.177,27.2,0.167,998.5,gondite_archean,0.598
Odisha,21.1281,83.9932,741.8,0.195,37.8,0.282,918.6,gondite_archean,0.717
Odisha,21.9464,85.974,683.2,0.613,23.2,0.158,827.5,gondite_archean,0.734
Karnataka,12.4131,75.7439,360.1,0.588,32.2,0.316,1219.4,archean,0.664
Odisha,21.6397,86.1627,549.0,0.613,29.9,0.207,1170.3,gondite_archean,0.732
Karnataka,15.3057,78.1303,299.4,0.396,34.1,0.119,784.7,archean,0.504
Odisha,19.9837,86.7539,746.5,0.53,35.9,0.291,905.2,gondite_archean,0.717
Andhra Pradesh,18.8441,83.136,188.0,0.287,28.8,0.295,1646.8,kodurite_archean,0.441
Odisha,21.0322,84.9609,277.7,0.222,27.4,0.333,1055.5,gondite_archean,0.789
Karnataka,18.3166,78.3498,301.4,0.448,26.8,0.135,740.6,archean,0.549
Madhya Pradesh,22.7594,74.4118,322.9,0.695,25.8,0.093,1238.4,gondite_archean,0.813
Odisha,21.6846,84.7872,605.8,0.53,30.6,0.077,1618.8,gondite_archean,0.761
Karnataka,13.2124,74.6631,572.7,0.557,22.3,0.204,949.1,archean,0.496
Maharashtra,19.9668,80.3735,210.0,0.355,23.8,0.327,1665.1,gondite_archean,0.733
Odisha,21.48,86.3603,544.2,0.468,25.9,0.078,1686.9,gondite_archean,0.716
Karnataka,14.2699,77.4038,817.7,0.682,34.5,0.243,792.6,archean,0.65
Odisha,22.1957,85.6225,107.4,0.211,32.6,0.052,876.9,gondite_archean,0.752
Madhya Pradesh,21.7849,79.6974,289.8,0.345,33.9,0.245,1634.1,gondite_archean,0.722
Madhya Pradesh,22.9891,74.7494,394.2,0.309,25.9,0.342,1132.4,gondite_archean,0.697
Maharashtra,20.2566,79.6538,494.0,0.267,33.6,0.134,726.7,gondite_archean,0.695
Madhya Pradesh,21.6199,81.5237,863.1,0.699,27.9,0.055,1721.2,gondite_archean,0.776
Jharkhand,23.706,85.5889,408.1,0.661,27.1,0.101,1312.5,archean,0.586
Goa,15.5568,74.085,177.7,0.519,37.8,0.092,1270.2,laterite,0.311
Maharashtra,20.7562,79.219,334.9,0.636,35.0,0.31,1704.6,gondite_archean,0.795
Karnataka,15.2599,77.6932,620.0,0.571,34.7,0.317,1071.8,archean,0.534
Madhya Pradesh,21.1258,77.7248,534.1,0.322,31.5,0.059,741.1,gondite_archean,0.624
Andhra Pradesh,18.0403,82.7541,517.8,0.612,25.5,0.237,793.9,kodurite_archean,0.412
Madhya Pradesh,23.231,79.8087,880.7,0.46,27.2,0.289,997.9,gondite_archean,0.653
Karnataka,12.51,74.6014,870.1,0.652,33.1,0.173,890.6,archean,0.552
Madhya Pradesh,23.5011,79.2816,323.9,0.723,33.8,0.216,1372.9,gondite_archean,0.709
Karnataka,13.6103,75.9239,706.3,0.159,23.9,0.064,744.8,archean,0.502
Karnataka,12.6359,76.4665,478.8,0.254,28.9,0.17,1377.4,archean,0.573
Madhya Pradesh,21.1586,76.9969,600.7,0.452,35.7,0.248,879.2,gondite_archean,0.703
Odisha,21.2573,86.7908,560.4,0.383,32.3,0.187,1300.2,gondite_archean,0.639
Goa,15.3089,74.2806,824.3,0.267,23.1,0.08,720.0,laterite,0.239
Odisha,20.4569,86.4571,118.6,0.639,26.5,0.085,1466.4,gondite_archean,0.683
Madhya Pradesh,24.0712,79.8806,742.8,0.319,24.8,0.275,1587.5,gondite_archean,0.684
Karnataka,17.0467,75.8632,844.6,0.665,28.9,0.275,1530.0,archean,0.624
Odisha,22.2077,85.2684,761.2,0.342,36.3,0.167,711.9,gondite_archean,0.678
Jharkhand,23.1469,86.2637,458.8,0.326,27.3,0.252,1527.6,archean,0.536
Maharashtra,20.974,78.6824,495.5,0.185,30.8,0.182,1676.5,gondite_archean,0.594
Odisha,21.7845,85.6638,180.9,0.2,33.2,0.072,1604.0,gondite_archean,0.619
Maharashtra,19.2034,78.6697,889.3,0.375,27.9,0.294,1742.0,gondite_archean,0.652
Maharashtra,20.396,79.3484,825.1,0.217,29.9,0.053,1215.5,gondite_archean,0.618
Odisha,19.8565,83.9113,619.4,0.598,31.3,0.339,1112.4,gondite_archean,0.783
Odisha,22.3897,83.5425,875.9,0.176,36.3,0.208,1792.3,gondite_archean,0.628
Odisha,21.1616,86.8926,518.5,0.528,33.1,0.186,1390.3,gondite_archean,0.774
Odisha,20.3429,86.8264,812.2,0.423,31.9,0.133,906.9,gondite_archean,0.686
Karnataka,14.2968,76.8346,162.2,0.735,37.8,0.259,1289.7,archean,0.688
Maharashtra,19.4065,80.3219,758.0,0.72,33.6,0.234,1160.1,gondite_archean,0.709
Goa,15.6929,73.8226,121.1,0.376,35.0,0.346,865.5,laterite,0.151
Jharkhand,23.6842,86.6767,475.0,0.399,26.4,0.067,1651.2,archean,0.64
Andhra Pradesh,18.9996,84.4933,544.3,0.611,37.1,0.305,972.1,kodurite_archean,0.346
Jharkhand,23.2123,85.4573,637.4,0.521,27.7,0.084,1438.7,archean,0.555
Madhya Pradesh,23.7031,78.1613,781.7,0.481,31.0,0.313,1143.8,gondite_archean,0.754
Maharashtra,19.5324,78.7727,111.6,0.36,31.4,0.168,1181.2,gondite_archean,0.767
Goa,15.2786,74.057,726.9,0.388,32.0,0.309,1744.5,laterite,0.175
Karnataka,18.3702,76.4705,363.0,0.53,25.8,0.073,841.8,archean,0.545
Odisha,19.9557,83.9859,612.7,0.259,27.5,0.319,1221.4,gondite_archean,0.599
Odisha,19.6226,84.0913,322.9,0.256,23.4,0.086,1206.9,gondite_archean,0.679
Odisha,20.5928,85.262,652.3,0.174,34.8,0.238,789.9,gondite_archean,0.623
Andhra Pradesh,18.6224,82.869,267.5,0.372,29.8,0.235,1105.8,kodurite_archean,0.354
Karnataka,16.8586,74.6467,301.9,0.578,36.3,0.204,1285.3,archean,0.575
Madhya Pradesh,21.8486,76.1539,401.8,0.162,27.2,0.113,1060.2,gondite_archean,0.556
Odisha,22.1716,85.5776,643.3,0.624,30.0,0.076,1290.8,gondite_archean,0.825
Karnataka,12.8293,75.6351,390.5,0.538,31.1,0.157,1785.2,archean,0.623
Madhya Pradesh,21.8303,74.8143,222.3,0.298,24.6,0.106,1013.6,gondite_archean,0.652
Karnataka,18.3855,74.9482,418.3,0.732,35.8,0.295,983.7,archean,0.558
Odisha,21.5059,86.7528,545.4,0.493,26.5,0.281,905.7,gondite_archean,0.648
Karnataka,13.5757,74.9593,588.5,0.323,31.3,0.096,1229.3,archean,0.395
Madhya Pradesh,21.1814,76.6928,207.5,0.188,37.8,0.147,1590.9,gondite_archean,0.705
Maharashtra,20.4891,79.4432,429.5,0.359,36.9,0.299,1761.5,gondite_archean,0.622
Odisha,21.6926,86.7842,245.0,0.19,33.9,0.222,1626.0,gondite_archean,0.679
Odisha,19.991,84.0749,751.7,0.549,30.4,0.158,1664.9,gondite_archean,0.693
Karnataka,17.3079,76.2565,401.6,0.428,26.8,0.274,1253.0,archean,0.583
Karnataka,15.5331,78.1259,599.4,0.22,37.0,0.238,1068.4,archean,0.495
Odisha,21.8821,85.6703,526.8,0.686,34.6,0.096,1042.9,gondite_archean,0.784
Odisha,21.2097,86.1686,801.4,0.355,35.1,0.083,1631.1,gondite_archean,0.615
Odisha,20.6919,86.2905,219.9,0.288,33.6,0.266,1405.3,gondite_archean,0.702
Odisha,20.5371,84.1356,826.8,0.5,28.4,0.189,1742.0,gondite_archean,0.849
Odisha,21.2587,85.2706,589.2,0.161,36.0,0.33,1321.6,gondite_archean,0.686
Maharashtra,19.3813,79.6526,585.4,0.404,33.8,0.33,1718.1,gondite_archean,0.727
Karnataka,12.736,78.4394,771.1,0.225,36.7,0.311,1270.7,archean,0.405
Odisha,20.5056,86.31,103.7,0.35,28.4,0.211,1711.8,gondite_archean,0.796
Karnataka,14.2552,77.45,461.8,0.285,29.2,0.092,894.0,archean,0.315
Goa,15.2899,74.0903,605.8,0.158,32.6,0.103,1757.2,laterite,0.224
Odisha,20.7439,83.7987,897.5,0.451,31.5,0.07,1525.0,gondite_archean,0.704
Odisha,20.0721,83.6279,477.7,0.489,23.1,0.283,1198.6,gondite_archean,0.699
Madhya Pradesh,22.5427,77.2061,547.7,0.243,24.9,0.309,1740.7,gondite_archean,0.579
Madhya Pradesh,22.4306,74.2031,224.9,0.58,32.5,0.058,944.2,gondite_archean,0.644
Odisha,21.5157,83.569,183.3,0.63,24.9,0.246,962.0,gondite_archean,0.71
Maharashtra,21.1392,80.1604,417.7,0.551,25.3,0.138,1686.0,gondite_archean,0.695
Odisha,19.7565,84.2276,121.2,0.259,31.3,0.176,1681.9,gondite_archean,0.63
Odisha,20.6391,85.566,314.5,0.524,28.6,0.216,1179.7,gondite_archean,0.783
Odisha,22.3454,86.1726,212.1,0.671,29.8,0.318,1579.8,gondite_archean,0.734
Odisha,21.1249,85.7172,306.3,0.234,35.4,0.345,1278.3,gondite_archean,0.663
Odisha,20.3169,83.5644,831.4,0.221,31.2,0.132,1309.6,gondite_archean,0.716
Odisha,19.533,83.9791,820.0,0.674,31.6,0.23,1431.5,gondite_archean,0.781
Odisha,22.2432,84.9657,406.5,0.461,22.8,0.1,1511.8,gondite_archean,0.707
Odisha,20.6679,84.5104,384.5,0.581,26.8,0.22,1223.7,gondite_archean,0.669
Maharashtra,21.3421,79.9651,272.0,0.169,26.2,0.229,756.6,gondite_archean,0.807
Karnataka,17.0109,74.9264,160.1,0.587,29.9,0.257,1178.3,archean,0.582
Odisha,21.9573,86.298,655.8,0.313,31.4,0.158,800.7,gondite_archean,0.646
Odisha,21.1257,86.5553,685.8,0.634,32.5,0.258,1634.1,gondite_archean,0.791
Odisha,20.9683,84.2742,890.1,0.716,22.6,0.262,1717.8,gondite_archean,0.786
Goa,15.0272,74.1487,337.9,0.705,37.5,0.333,1221.6,laterite,0.256
Andhra Pradesh,18.7668,83.1382,763.1,0.172,31.5,0.119,832.6,kodurite_archean,0.326
Karnataka,16.711,74.7614,352.2,0.474,34.7,0.146,1388.5,archean,0.527
Goa,15.4927,73.9165,119.5,0.672,22.3,0.312,1281.8,laterite,0.303
Karnataka,16.0788,77.9947,887.3,0.611,28.7,0.176,1511.3,archean,0.693
Odisha,19.8314,84.7412,329.8,0.328,25.7,0.063,719.7,gondite_archean,0.639
Karnataka,16.4177,75.373,860.0,0.622,23.4,0.175,1667.0,archean,0.617
Goa,15.3739,74.1067,233.6,0.745,25.7,0.333,1414.6,laterite,0.379
Odisha,20.0296,84.2717,249.2,0.618,27.6,0.067,1766.0,gondite_archean,0.901
Goa,15.7422,74.2975,239.1,0.388,34.1,0.259,869.3,laterite,0.226
Odisha,21.1109,85.5753,564.1,0.205,36.0,0.13,842.5,gondite_archean,0.672
Goa,15.7645,74.2311,747.6,0.543,30.8,0.076,1149.3,laterite,0.189
Maharashtra,20.2397,78.6621,276.1,0.56,23.2,0.305,1244.7,gondite_archean,0.676
Karnataka,15.8507,77.7987,378.2,0.557,31.1,0.13,1666.5,archean,0.625
Andhra Pradesh,18.8009,83.9167,769.6,0.568,32.9,0.236,1528.0,kodurite_archean,0.498
Odisha,22.1426,86.5515,123.4,0.645,24.1,0.151,1517.9,gondite_archean,0.762
Andhra Pradesh,18.2612,82.5128,329.6,0.52,37.7,0.24,985.8,kodurite_archean,0.368
Madhya Pradesh,22.8899,80.2388,185.6,0.607,30.7,0.339,1076.1,gondite_archean,0.778
Odisha,22.3117,85.9076,154.3,0.331,33.3,0.07,1340.4,gondite_archean,0.673
Karnataka,16.036,74.683,797.2,0.734,37.5,0.275,843.1,archean,0.72
Maharashtra,20.1148,79.0473,897.7,0.406,29.2,0.099,1574.3,gondite_archean,0.68
Maharashtra,19.5519,78.6648,644.4,0.543,26.4,0.335,866.2,gondite_archean,0.762
Karnataka,16.1504,76.0904,319.4,0.74,28.5,0.318,953.0,archean,0.612
Odisha,19.5934,85.7808,394.8,0.669,29.6,0.34,904.1,gondite_archean,0.767
Maharashtra,21.112,80.022,601.0,0.229,22.5,0.326,1378.3,gondite_archean,0.699
Maharashtra,20.2038,78.7346,200.1,0.561,28.9,0.11,1240.8,gondite_archean,0.717
Odisha,21.8927,84.5863,464.2,0.157,23.2,0.168,1227.9,gondite_archean,0.585
Madhya Pradesh,22.0208,79.5599,788.1,0.618,22.6,0.194,815.4,gondite_archean,0.715
Madhya Pradesh,23.4586,78.4772,107.8,0.346,30.3,0.076,1085.7,gondite_archean,0.576
Odisha,19.7357,84.8892,206.2,0.491,33.0,0.29,920.2,gondite_archean,0.801
Odisha,22.3086,83.6819,533.0,0.575,35.9,0.264,1581.9,gondite_archean,0.8
Karnataka,17.2964,74.8205,815.9,0.479,35.1,0.186,1407.9,archean,0.687
Odisha,19.6811,84.3649,227.6,0.673,25.5,0.343,1070.6,gondite_archean,0.762
Odisha,21.8691,85.8055,498.6,0.483,33.5,0.119,1796.0,gondite_archean,0.711
Odisha,21.5407,83.7527,124.5,0.305,29.4,0.31,1499.9,gondite_archean,0.692
Maharashtra,20.0637,79.1919,396.8,0.743,22.6,0.31,1336.5,gondite_archean,0.885
Karnataka,17.6773,78.1028,437.4,0.316,31.5,0.324,931.7,archean,0.502
Madhya Pradesh,23.2105,79.8649,205.3,0.579,36.5,0.104,961.3,gondite_archean,0.701
Odisha,22.1122,85.0586,511.9,0.366,31.5,0.099,1130.2,gondite_archean,0.746
Jharkhand,22.5163,86.3135,360.2,0.614,24.1,0.341,1199.2,archean,0.608
Karnataka,17.3877,76.2236,299.0,0.52,33.3,0.1,884.4,archean,0.461
Odisha,21.7092,85.8233,479.7,0.657,34.9,0.226,1655.1,gondite_archean,0.732
Odisha,19.6713,85.3591,849.3,0.174,24.0,0.186,1727.3,gondite_archean,0.638
Karnataka,15.297,74.6663,218.7,0.742,37.4,0.051,1747.0,archean,0.679
Karnataka,15.3514,76.4554,633.5,0.234,22.5,0.142,1475.1,archean,0.539
Odisha,21.5203,86.8947,175.1,0.554,29.1,0.31,894.9,gondite_archean,0.778
Goa,15.5466,74.0486,594.3,0.671,31.1,0.059,1724.0,laterite,0.36
Maharashtra,20.6913,78.9314,627.1,0.386,32.4,0.082,1423.6,gondite_archean,0.671
Andhra Pradesh,18.6736,83.634,690.8,0.677,28.5,0.148,1434.4,kodurite_archean,0.454
Andhra Pradesh,18.6434,84.0956,448.5,0.641,23.9,0.213,706.3,kodurite_archean,0.333
Karnataka,16.5205,76.0542,459.0,0.293,28.0,0.118,780.5,archean,0.404
Madhya Pradesh,23.3387,78.9559,470.8,0.378,35.8,0.206,1227.1,gondite_archean,0.583
Madhya Pradesh,22.8676,78.8632,711.9,0.638,33.5,0.337,720.1,gondite_archean,0.616
Odisha,19.5227,85.7662,818.4,0.296,36.8,0.068,1727.9,gondite_archean,0.611
Karnataka,13.669,75.6395,345.8,0.632,30.6,0.143,1371.4,archean,0.572
Maharashtra,19.6816,79.3271,197.5,0.259,32.9,0.104,1277.7,gondite_archean,0.606
Madhya Pradesh,21.898,81.7034,486.8,0.634,30.8,0.063,1396.5,gondite_archean,0.744
Jharkhand,23.2032,86.6384,807.4,0.287,25.4,0.233,1152.1,archean,0.438
Maharashtra,19.687,80.1452,439.0,0.551,23.5,0.237,1196.9,gondite_archean,0.669
Madhya Pradesh,21.588,79.895,790.2,0.28,23.5,0.057,1406.2,gondite_archean,0.718
Odisha,20.6727,85.5807,497.4,0.743,24.2,0.259,1144.8,gondite_archean,0.911
Karnataka,16.6644,77.2697,893.0,0.227,23.7,0.267,1336.2,archean,0.495
Odisha,22.1826,84.1715,358.7,0.286,27.7,0.071,1271.0,gondite_archean,0.635
Odisha,21.9011,84.318,532.0,0.678,32.4,0.21,1056.8,gondite_archean,0.822
Jharkhand,23.3237,86.1156,684.5,0.429,23.0,0.219,1753.4,archean,0.484
Odisha,21.57,84.2033,528.7,0.208,29.2,0.277,1082.3,gondite_archean,0.726
Goa,15.1877,73.9997,221.9,0.745,36.8,0.212,1626.2,laterite,0.396
Madhya Pradesh,23.1825,74.713,704.2,0.227,35.2,0.285,1479.6,gondite_archean,0.61
Odisha,22.3109,85.4383,344.4,0.388,29.2,0.23,1267.2,gondite_archean,0.593
Goa,15.3976,74.2961,781.1,0.275,36.9,0.085,1599.2,laterite,0.31
Andhra Pradesh,18.7089,84.0801,343.7,0.199,28.4,0.102,1464.4,kodurite_archean,0.311
Karnataka,18.3415,77.0639,758.0,0.23,35.8,0.327,1235.8,archean,0.623
Odisha,21.0077,84.8953,217.1,0.371,23.1,0.058,848.7,gondite_archean,0.692
Jharkhand,23.0991,86.9316,446.0,0.337,30.1,0.182,816.2,archean,0.436
Madhya Pradesh,23.2757,75.2162,149.1,0.618,29.4,0.067,1794.4,gondite_archean,0.772
Odisha,21.5851,86.9429,291.3,0.235,23.9,0.141,811.2,gondite_archean,0.607
Karnataka,18.4785,77.7559,592.2,0.334,32.0,0.208,1168.7,archean,0.544
Odisha,22.1598,85.0742,255.7,0.371,28.6,0.298,1507.0,gondite_archean,0.655
Odisha,20.2794,86.161,209.7,0.471,25.4,0.054,965.3,gondite_archean,0.495
Jharkhand,23.6031,86.9192,490.3,0.216,30.8,0.186,1628.8,archean,0.518
Odisha,20.474,86.0807,480.8,0.376,28.3,0.188,1563.5,gondite_archean,0.622
Goa,15.7643,74.1935,352.3,0.563,29.0,0.126,1625.0,laterite,0.459
Madhya Pradesh,24.1329,79.0934,591.1,0.19,30.3,0.095,1511.2,gondite_archean,0.597
Karnataka,16.4215,74.6667,167.8,0.58,23.2,0.071,713.3,archean,0.461
Karnataka,17.0352,77.1455,248.2,0.254,23.6,0.248,1540.8,archean,0.463
Odisha,19.5628,83.7876,874.3,0.327,34.3,0.237,1120.1,gondite_archean,0.648
Madhya Pradesh,23.7112,79.1512,524.2,0.175,37.5,0.29,1022.1,gondite_archean,0.625
Jharkhand,23.2038,86.1648,698.5,0.637,32.5,0.088,1072.1,archean,0.505
Karnataka,15.9841,78.2723,292.6,0.223,25.2,0.316,1410.4,archean,0.39
Odisha,21.9478,86.5148,777.2,0.701,26.0,0.277,1206.6,gondite_archean,0.786
Maharashtra,20.6404,78.8549,536.0,0.741,37.0,0.063,881.3,gondite_archean,0.78
Odisha,21.6779,86.3622,270.8,0.454,35.5,0.27,1296.5,gondite_archean,0.721
Odisha,21.1951,85.9111,798.7,0.532,34.2,0.098,1207.7,gondite_archean,0.882
Odisha,20.24,86.0426,893.4,0.21,28.4,0.29,924.4,gondite_archean,0.763
Madhya Pradesh,21.6581,76.8431,727.0,0.483,22.1,0.278,738.8,gondite_archean,0.722
Maharashtra,19.5062,80.4161,394.4,0.346,24.4,0.142,1664.3,gondite_archean,0.801
Goa,15.4744,73.9958,430.1,0.567,22.1,0.236,1091.0,laterite,0.277
Maharashtra,19.2325,79.6764,484.8,0.535,23.0,0.224,1317.6,gondite_archean,0.86
Maharashtra,21.0125,79.0396,760.0,0.449,23.2,0.068,1067.7,gondite_archean,0.761
Maharashtra,20.7692,80.0772,513.8,0.414,24.4,0.148,1177.4,gondite_archean,0.675
Madhya Pradesh,23.5748,81.9868,846.5,0.536,28.7,0.241,1564.2,gondite_archean,0.716
Odisha,20.7297,86.4393,407.1,0.493,31.4,0.105,1098.5,gondite_archean,0.7
Odisha,22.322,84.4075,443.7,0.674,35.5,0.106,1582.9,gondite_archean,0.615
Karnataka,15.1393,75.0339,164.5,0.587,29.9,0.181,1502.5,archean,0.548
Madhya Pradesh,21.4737,80.011,625.6,0.724,23.1,0.067,1010.4,gondite_archean,0.762
Odisha,20.2409,86.6719,299.6,0.313,34.2,0.185,1554.4,gondite_archean,0.673
Odisha,19.688,86.6725,211.4,0.469,28.6,0.154,1689.8,gondite_archean,0.654
Odisha,21.4914,86.8719,548.1,0.712,22.8,0.176,986.2,gondite_archean,0.793
Odisha,21.196,85.1238,877.6,0.515,27.6,0.084,866.4,gondite_archean,0.598
Odisha,20.2529,86.4772,549.0,0.464,23.8,0.308,1495.1,gondite_archean,0.727
Madhya Pradesh,21.286,77.6664,487.8,0.249,37.1,0.305,1435.9,gondite_archean,0.645
Karnataka,14.6765,77.1039,536.3,0.187,30.2,0.292,1205.2,archean,0.467
Odisha,20.4906,86.1486,515.5,0.273,36.0,0.314,1657.6,gondite_archean,0.626
Odisha,20.8537,86.9475,717.6,0.166,23.0,0.189,1700.1,gondite_archean,0.637
Odisha,21.4703,86.3774,404.3,0.615,37.4,0.111,1275.7,gondite_archean,0.943
Odisha,21.8786,85.5216,607.7,0.629,28.3,0.325,1286.3,gondite_archean,0.778
Maharashtra,19.7919,80.2144,824.9,0.316,37.7,0.092,922.2,gondite_archean,0.589
Odisha,22.182,85.79,221.7,0.414,31.8,0.075,1670.7,gondite_archean,0.688
Jharkhand,22.8355,86.9682,634.3,0.531,24.7,0.315,1170.2,archean,0.681
Odisha,19.5378,85.4591,521.9,0.582,36.2,0.074,1504.6,gondite_archean,0.739
Andhra Pradesh,18.3112,83.9205,351.5,0.433,35.1,0.188,1093.6,kodurite_archean,0.356
Karnataka,17.3836,75.8408,239.0,0.577,35.2,0.08,963.9,archean,0.535
Karnataka,16.8674,77.1046,596.7,0.361,35.5,0.191,1777.0,archean,0.489
Madhya Pradesh,21.4419,79.4094,360.1,0.562,23.1,0.102,1641.3,gondite_archean,0.759
Odisha,21.4286,85.9295,510.1,0.333,25.4,0.06,1034.3,gondite_archean,0.618
Madhya Pradesh,24.2841,80.9696,712.9,0.623,32.6,0.128,1697.9,gondite_archean,0.782
Odisha,20.8412,85.1113,791.7,0.478,28.1,0.343,821.8,gondite_archean,0.836
Karnataka,12.2732,77.4596,834.5,0.318,35.7,0.138,1701.8,archean,0.589
Odisha,22.3884,86.0433,343.8,0.648,26.5,0.312,823.8,gondite_archean,0.777
Maharashtra,20.3517,78.6931,293.5,0.157,29.5,0.14,1358.2,gondite_archean,0.559
Maharashtra,19.1204,80.3058,781.8,0.551,31.5,0.318,903.9,gondite_archean,0.642
Odisha,20.2185,86.281,127.7,0.5,37.9,0.307,1273.6,gondite_archean,0.651
Odisha,22.2289,85.8422,763.4,0.677,31.1,0.205,1173.5,gondite_archean,0.755
Karnataka,14.8249,77.5955,581.5,0.686,29.1,0.232,1394.4,archean,0.726
Odisha,21.0371,83.8648,407.6,0.443,32.4,0.335,1360.7,gondite_archean,0.762
Maharashtra,20.2657,79.7682,156.7,0.303,27.8,0.192,750.2,gondite_archean,0.62
Jharkhand,22.6627,85.9641,256.9,0.516,26.5,0.112,1268.2,archean,0.514
Odisha,19.523,84.2667,129.4,0.215,27.4,0.291,1329.3,gondite_archean,0.528
Goa,15.3176,73.8435,593.7,0.218,27.5,0.202,1661.6,laterite,0.256
Karnataka,16.5647,78.4713,205.2,0.315,28.3,0.177,1152.1,archean,0.544
Madhya Pradesh,22.0828,80.5903,864.0,0.643,22.0,0.241,756.2,gondite_archean,0.759
Odisha,19.6786,85.6133,649.3,0.219,28.1,0.187,1106.0,gondite_archean,0.628
Maharashtra,19.1775,78.6604,383.8,0.715,32.7,0.254,1098.1,gondite_archean,0.68
Madhya Pradesh,21.0355,79.0888,830.6,0.518,36.0,0.267,832.6,gondite_archean,0.623
Odisha,20.7661,84.5326,488.8,0.496,22.7,0.087,1314.5,gondite_archean,0.702
Karnataka,16.7396,77.1092,776.5,0.565,28.9,0.252,1002.9,archean,0.649
Karnataka,17.1895,77.7897,786.0,0.7,28.9,0.146,1340.4,archean,0.557
Karnataka,15.907,77.3223,650.7,0.375,24.7,0.179,856.9,archean,0.508
Odisha,19.5763,85.7604,609.5,0.354,23.1,0.173,1042.3,gondite_archean,0.722
Maharashtra,20.5144,79.2292,274.3,0.743,29.3,0.256,854.6,gondite_archean,0.715
Karnataka,18.2661,76.0368,131.2,0.169,28.2,0.098,725.7,archean,0.475
Maharashtra,20.1463,79.0785,820.1,0.22,37.3,0.144,1677.2,gondite_archean,0.737
Jharkhand,22.5768,86.9223,411.6,0.381,27.4,0.212,869.6,archean,0.56
Madhya Pradesh,22.896,80.0952,766.9,0.414,26.8,0.128,914.1,gondite_archean,0.659
Odisha,22.3993,85.452,377.8,0.498,24.2,0.183,1388.9,gondite_archean,0.674
Karnataka,14.6116,78.4754,804.3,0.524,31.1,0.236,921.4,archean,0.534
Karnataka,15.5297,75.411,871.2,0.696,33.6,0.21,1657.0,archean,0.611
Odisha,21.8715,83.9369,735.4,0.315,36.0,0.333,863.7,gondite_archean,0.697
Karnataka,17.6131,76.8549,400.3,0.321,25.3,0.279,1125.2,archean,0.534
Karnataka,15.2001,76.8091,792.5,0.738,28.5,0.298,1541.0,archean,0.672
Odisha,19.8278,86.4889,451.3,0.658,36.3,0.069,1671.8,gondite_archean,0.741
Karnataka,15.3178,77.0064,841.1,0.161,29.6,0.256,1495.0,archean,0.458
Odisha,20.5761,86.3155,323.0,0.276,37.3,0.053,1797.6,gondite_archean,0.689
Maharashtra,21.0712,79.0892,111.5,0.593,35.3,0.272,857.1,gondite_archean,0.776
Madhya Pradesh,23.6814,80.7674,590.9,0.203,29.8,0.073,1148.3,gondite_archean,0.683
Karnataka,12.4291,75.8953,188.8,0.635,37.2,0.072,1750.6,archean,0.463
Odisha,21.0019,86.2808,665.7,0.18,23.2,0.171,1024.8,gondite_archean,0.647
Odisha,20.343,86.3122,843.4,0.393,36.5,0.146,1224.1,gondite_archean,0.722
Jharkhand,23.207,85.7156,618.3,0.224,36.2,0.201,1194.3,archean,0.424
Madhya Pradesh,23.1867,74.5742,646.1,0.295,33.4,0.297,1584.4,gondite_archean,0.757
Odisha,21.826,84.4499,497.4,0.321,24.1,0.239,759.8,gondite_archean,0.852
Maharashtra,19.794,78.5003,508.9,0.178,26.4,0.262,769.0,gondite_archean,0.691
Karnataka,12.6623,75.9409,316.3,0.656,27.0,0.287,1681.1,archean,0.558
Karnataka,17.9146,76.0093,871.3,0.204,33.0,0.198,1126.4,archean,0.604
Odisha,20.0009,85.9957,633.1,0.73,34.2,0.335,1472.8,gondite_archean,0.835
Odisha,19.8161,86.2364,615.3,0.179,27.8,0.337,1250.4,gondite_archean,0.553
Odisha,20.6061,84.7943,141.9,0.611,28.7,0.297,1635.4,gondite_archean,0.586
Odisha,21.4721,85.153,804.1,0.279,32.8,0.232,1024.8,gondite_archean,0.684
Maharashtra,19.7891,79.7897,416.1,0.578,25.2,0.317,1016.2,gondite_archean,0.662
Karnataka,12.3776,74.946,512.7,0.311,35.4,0.054,1117.0,archean,0.495
Karnataka,14.6279,76.6238,576.1,0.156,29.4,0.339,1270.9,archean,0.443
Maharashtra,19.7797,80.048,718.3,0.463,37.6,0.088,718.6,gondite_archean,0.718
Odisha,20.2967,83.5614,334.6,0.614,30.3,0.154,1108.9,gondite_archean,0.76
Odisha,20.3994,85.7626,879.4,0.658,22.4,0.32,1561.5,gondite_archean,0.741
Karnataka,13.969,74.7628,282.6,0.298,29.7,0.274,1221.2,archean,0.638
Odisha,22.3734,86.7995,728.2,0.745,30.7,0.339,783.2,gondite_archean,0.666
Odisha,19.9224,85.6784,725.1,0.497,24.4,0.293,1399.6,gondite_archean,0.674
Karnataka,16.3818,75.5396,376.2,0.7,26.6,0.191,1679.2,archean,0.596
Odisha,19.5235,85.7082,458.1,0.231,37.3,0.209,966.1,gondite_archean,0.654
Karnataka,16.4175,74.805,319.8,0.634,29.4,0.214,1176.1,archean,0.494
Odisha,22.0309,86.9342,734.5,0.662,25.9,0.338,916.6,gondite_archean,0.723
Jharkhand,23.9896,86.4234,884.9,0.492,26.2,0.181,1352.9,archean,0.58
Jharkhand,22.3802,86.5852,826.3,0.716,37.4,0.206,1775.0,archean,0.579
Maharashtra,19.4042,79.4538,674.7,0.298,32.2,0.25,879.0,gondite_archean,0.763
Karnataka,12.0787,74.5362,385.6,0.706,25.7,0.24,944.3,archean,0.629
Karnataka,17.5123,77.4154,176.3,0.407,22.5,0.194,1428.7,archean,0.528
Karnataka,17.977,78.473,135.9,0.607,27.9,0.168,1529.7,archean,0.548
Goa,15.7607,74.0886,385.7,0.623,26.0,0.219,1094.4,laterite,0.23
Odisha,22.2547,83.8563,504.8,0.283,22.6,0.061,892.7,gondite_archean,0.689
Andhra Pradesh,17.9237,84.4009,565.3,0.412,31.3,0.205,1534.7,kodurite_archean,0.323
Goa,15.7572,74.2463,435.6,0.618,29.6,0.199,925.1,laterite,0.214
Madhya Pradesh,21.6515,76.6525,784.0,0.274,23.1,0.071,1734.9,gondite_archean,0.478
Andhra Pradesh,18.7537,83.1644,654.9,0.613,32.5,0.095,1663.5,kodurite_archean,0.433
Madhya Pradesh,21.9887,77.4018,130.1,0.227,34.2,0.05,1158.2,gondite_archean,0.585
Jharkhand,22.4523,85.6084,343.2,0.288,22.0,0.269,1763.5,archean,0.548
Odisha,21.4891,86.0966,778.7,0.404,26.8,0.148,1483.9,gondite_archean,0.654
Karnataka,17.8626,77.7268,887.9,0.603,28.3,0.227,1427.1,archean,0.628
Odisha,21.1335,85.9826,233.9,0.618,31.3,0.336,746.7,gondite_archean,0.774
Odisha,21.6433,86.1565,182.0,0.458,30.1,0.161,1726.2,gondite_archean,0.6
Andhra Pradesh,18.5458,83.9287,469.4,0.703,33.1,0.269,1647.9,kodurite_archean,0.513
Odisha,20.536,84.6746,882.8,0.664,33.2,0.268,1318.3,gondite_archean,0.703
Goa,15.397,73.9903,230.4,0.622,33.8,0.165,727.7,laterite,0.192
Maharashtra,21.0428,79.5929,873.6,0.181,30.1,0.266,1648.9,gondite_archean,0.634
Odisha,21.9,85.4345,417.2,0.229,35.8,0.097,1040.8,gondite_archean,0.683
Maharashtra,20.9917,79.0009,599.9,0.493,35.3,0.322,713.4,gondite_archean,0.673
Maharashtra,19.1296,79.5977,330.1,0.334,27.6,0.236,1067.5,gondite_archean,0.626
Odisha,21.8513,84.5002,446.2,0.561,27.3,0.067,1111.3,gondite_archean,0.807
Goa,15.5134,74.1357,605.8,0.269,28.7,0.275,811.5,laterite,0.174
Karnataka,18.3724,74.77,515.0,0.258,37.5,0.084,1144.0,archean,0.437
Maharashtra,20.7614,79.3455,377.2,0.389,26.2,0.112,1231.3,gondite_archean,0.609
Madhya Pradesh,24.3899,78.8291,161.6,0.195,37.2,0.139,801.3,gondite_archean,0.555
Madhya Pradesh,23.1828,79.188,313.9,0.159,37.4,0.125,1443.6,gondite_archean,0.692
Karnataka,13.7621,76.8907,792.9,0.718,23.7,0.096,1739.2,archean,0.722
Maharashtra,21.2075,78.9053,570.1,0.571,32.9,0.172,716.9,gondite_archean,0.594
Karnataka,18.2243,76.0961,771.8,0.263,32.8,0.343,812.1,archean,0.558
Odisha,20.8007,83.8242,698.7,0.699,28.9,0.128,1177.8,gondite_archean,0.858
Madhya Pradesh,21.8471,79.7124,173.1,0.27,36.0,0.272,715.1,gondite_archean,0.748
Odisha,20.1432,84.4478,298.0,0.188,29.3,0.27,1367.4,gondite_archean,0.612
Jharkhand,23.677,86.6102,758.4,0.71,30.7,0.11,1378.5,archean,0.62
Maharashtra,20.8448,79.5429,154.8,0.373,36.7,0.225,1292.2,gondite_archean,0.628
Goa,15.5332,74.1937,463.5,0.528,26.0,0.262,1170.4,laterite,0.205
Karnataka,16.2206,78.2451,151.2,0.645,26.7,0.183,724.1,archean,0.582
Odisha,20.9733,86.7449,184.3,0.609,28.6,0.247,986.3,gondite_archean,0.589
Odisha,19.9814,83.7467,248.5,0.549,36.1,0.294,1453.6,gondite_archean,0.706
Karnataka,13.6247,76.56,528.4,0.364,27.7,0.299,1568.2,archean,0.516
Karnataka,17.9396,78.3113,361.4,0.363,30.1,0.332,1664.0,archean,0.548
Madhya Pradesh,22.761,75.5509,787.1,0.556,35.4,0.308,1523.2,gondite_archean,0.675
Karnataka,15.9686,75.1415,638.9,0.258,33.1,0.119,829.3,archean,0.567
Karnataka,13.0489,74.8342,115.3,0.249,36.3,0.122,1089.7,archean,0.569
Odisha,20.1671,85.3173,586.2,0.297,22.9,0.167,957.6,gondite_archean,0.724
Karnataka,14.7881,76.6636,657.1,0.571,24.7,0.2,1153.2,archean,0.725
Andhra Pradesh,18.4471,83.565,192.3,0.513,23.9,0.151,857.1,kodurite_archean,0.313
Karnataka,17.8219,75.3173,506.2,0.402,22.3,0.288,776.0,archean,0.589
Karnataka,15.6444,77.0137,650.9,0.302,22.2,0.267,1289.2,archean,0.561
Andhra Pradesh,18.2276,83.1673,733.2,0.421,24.9,0.306,1670.8,kodurite_archean,0.429
Karnataka,12.492,76.0513,742.8,0.691,25.3,0.07,1665.1,archean,0.663
Jharkhand,22.1331,86.2966,159.3,0.375,34.9,0.18,1796.9,archean,0.398
Madhya Pradesh,22.1241,75.7609,380.4,0.374,23.1,0.161,1210.7,gondite_archean,0.737
Maharashtra,19.0209,78.9353,629.3,0.44,22.1,0.291,1550.1,gondite_archean,0.8
Madhya Pradesh,21.2326,80.1321,567.0,0.619,34.0,0.291,1269.8,gondite_archean,0.767
Madhya Pradesh,23.5979,75.359,256.0,0.684,34.0,0.322,1534.6,gondite_archean,0.701
Madhya Pradesh,23.2895,81.113,563.0,0.529,24.5,0.192,1488.0,gondite_archean,0.657
Karnataka,13.5698,75.3597,439.9,0.695,30.1,0.106,784.7,archean,0.538
Maharashtra,19.957,80.1437,627.6,0.628,26.4,0.258,990.5,gondite_archean,0.741
Karnataka,13.7518,75.2637,655.7,0.281,31.5,0.129,1428.2,archean,0.56
Andhra Pradesh,18.667,84.0217,250.2,0.203,33.2,0.161,1175.6,kodurite_archean,0.354
Odisha,21.5005,84.6306,818.3,0.683,27.2,0.32,1795.8,gondite_archean,0.659
Andhra Pradesh,18.7673,82.998,561.4,0.19,23.5,0.35,1059.3,kodurite_archean,0.396
Andhra Pradesh,18.9964,82.983,132.3,0.397,24.1,0.057,1096.5,kodurite_archean,0.399
Maharashtra,20.4155,79.1256,623.5,0.289,22.2,0.279,1386.1,gondite_archean,0.701
Madhya Pradesh,23.1861,80.9155,569.5,0.499,37.9,0.277,1186.5,gondite_archean,0.787
Maharashtra,19.9731,78.9578,577.5,0.707,36.9,0.153,1280.4,gondite_archean,0.786
Madhya Pradesh,21.1867,77.6381,639.8,0.557,28.0,0.333,884.1,gondite_archean,0.781
Karnataka,16.4907,77.2885,618.9,0.315,24.5,0.241,1359.2,archean,0.577
Karnataka,16.3404,77.8495,235.8,0.161,34.5,0.233,1469.6,archean,0.447
Andhra Pradesh,18.7042,84.4218,528.7,0.443,28.4,0.096,1329.9,kodurite_archean,0.403
Madhya Pradesh,23.0749,76.8394,141.6,0.169,28.8,0.075,1367.5,gondite_archean,0.615
Goa,15.7063,74.1295,269.0,0.668,36.2,0.109,1511.2,laterite,0.387
Jharkhand,22.0601,86.7947,598.1,0.734,29.4,0.304,768.6,archean,0.567
Karnataka,12.4356,78.4014,753.6,0.662,37.0,0.076,1124.2,archean,0.571
Odisha,19.8029,84.0862,217.8,0.734,34.1,0.34,1183.7,gondite_archean,0.655
Odisha,21.8949,84.6419,339.5,0.29,24.1,0.127,1090.9,gondite_archean,0.619
Odisha,21.9271,84.0142,374.1,0.669,24.5,0.075,1233.0,gondite_archean,0.738
Karnataka,15.6622,77.7152,209.7,0.498,30.1,0.093,1386.4,archean,0.553
Odisha,20.8788,84.5726,757.9,0.184,28.7,0.188,1497.5,gondite_archean,0.523
Madhya Pradesh,23.3352,80.2164,789.8,0.338,30.6,0.302,1788.4,gondite_archean,0.678
Odisha,20.9682,86.0957,494.1,0.44,35.4,0.158,1645.8,gondite_archean,0.759
Karnataka,14.1335,76.316,710.0,0.226,25.1,0.335,893.0,archean,0.649
Karnataka,16.1908,75.4193,542.1,0.373,32.6,0.092,1328.0,archean,0.647
Odisha,20.3359,84.2655,246.3,0.645,26.6,0.328,1766.9,gondite_archean,0.684
Karnataka,17.1853,75.9696,169.6,0.484,35.5,0.289,892.6,archean,0.578
Maharashtra,19.5513,78.9364,799.3,0.3,26.2,0.05,1657.7,gondite_archean,0.698
Maharashtra,19.3801,79.4166,381.0,0.206,29.8,0.326,744.1,gondite_archean,0.731
Odisha,20.1226,84.3335,826.7,0.431,29.5,0.278,869.9,gondite_archean,0.496
Madhya Pradesh,24.4985,80.1556,418.3,0.647,24.7,0.059,924.9,gondite_archean,0.676
Karnataka,15.3188,76.9605,828.5,0.456,30.0,0.065,738.4,archean,0.385
Andhra Pradesh,17.741,82.5499,459.2,0.292,22.8,0.267,822.8,kodurite_archean,0.469
Madhya Pradesh,21.9837,75.388,403.8,0.631,28.3,0.275,838.0,gondite_archean,0.676
Maharashtra,20.4145,80.3583,409.9,0.19,22.3,0.298,1277.2,gondite_archean,0.706
Maharashtra,19.5861,79.1902,124.1,0.727,32.7,0.33,992.0,gondite_archean,0.866
Karnataka,17.5127,78.2886,807.9,0.593,26.4,0.134,1759.7,archean,0.662
Odisha,21.6481,85.9719,598.2,0.744,27.0,0.152,786.8,gondite_archean,0.621
Karnataka,17.4247,78.2419,248.6,0.374,36.9,0.069,801.6,archean,0.489
Odisha,21.2856,84.0267,874.5,0.418,30.0,0.124,1218.1,gondite_archean,0.764
Maharashtra,20.4447,80.3087,753.9,0.604,22.9,0.052,933.7,gondite_archean,0.756
Maharashtra,20.028,79.3048,807.7,0.687,36.5,0.144,1460.2,gondite_archean,0.685
Odisha,20.5263,85.0049,764.8,0.222,33.8,0.209,1016.7,gondite_archean,0.601
Karnataka,13.9496,76.8843,447.1,0.249,23.9,0.214,1692.7,archean,0.619
Madhya Pradesh,24.2604,80.5678,553.3,0.544,36.4,0.17,1059.5,gondite_archean,0.646
Odisha,21.9797,86.3034,183.6,0.496,29.4,0.086,1778.6,gondite_archean,0.813
Odisha,21.4762,85.363,182.6,0.254,31.1,0.139,1732.1,gondite_archean,0.705
Andhra Pradesh,18.9754,83.0193,875.8,0.409,27.6,0.065,758.0,kodurite_archean,0.321
Odisha,21.3419,84.385,562.1,0.366,35.2,0.296,1225.1,gondite_archean,0.819
Karnataka,14.3566,77.7229,362.5,0.275,23.4,0.19,1230.3,archean,0.489
Karnataka,17.2546,77.7945,407.7,0.425,26.9,0.33,830.5,archean,0.592
Goa,15.5471,74.0658,126.1,0.435,28.5,0.098,1422.1,laterite,0.278
Maharashtra,19.1711,79.3353,193.1,0.518,37.0,0.249,784.5,gondite_archean,0.731
Karnataka,15.5793,76.1128,766.9,0.639,31.8,0.162,980.9,archean,0.564
Karnataka,16.3928,77.1326,156.1,0.387,24.9,0.097,1610.0,archean,0.489
Odisha,20.7575,84.0887,803.5,0.484,25.7,0.201,1504.6,gondite_archean,0.724
Madhya Pradesh,22.4112,80.0192,525.0,0.556,28.9,0.269,1606.9,gondite_archean,0.781
Odisha,21.9988,85.391,775.7,0.409,28.1,0.325,976.3,gondite_archean,0.687
Karnataka,14.005,76.7922,360.2,0.174,26.4,0.052,1776.2,archean,0.587
Jharkhand,22.7903,86.4567,376.6,0.553,34.9,0.334,1140.2,archean,0.539
Jharkhand,22.0515,86.2071,627.6,0.563,23.9,0.332,899.3,archean,0.643
Madhya Pradesh,21.7794,76.4577,537.2,0.4,24.6,0.101,1160.0,gondite_archean,0.7
Odisha,20.6793,83.8509,113.3,0.547,31.6,0.099,957.2,gondite_archean,0.713
Odisha,22.0048,86.9114,208.4,0.289,35.9,0.328,1161.6,gondite_archean,0.539
Odisha,21.2498,83.5396,729.9,0.334,22.6,0.227,1137.5,gondite_archean,0.763
Jharkhand,23.0884,85.5505,667.6,0.313,36.5,0.162,1304.9,archean,0.521
Andhra Pradesh,18.7085,82.9486,280.9,0.64,36.9,0.079,1195.1,kodurite_archean,0.368
Karnataka,17.6595,74.8341,268.9,0.601,22.8,0.198,1186.3,archean,0.513
Madhya Pradesh,21.5648,78.576,744.3,0.606,24.5,0.095,995.0,gondite_archean,0.594
Karnataka,14.655,77.2188,145.3,0.171,28.3,0.259,912.8,archean,0.406
Goa,15.7166,73.9486,284.0,0.397,25.8,0.252,1608.7,laterite,0.341
Maharashtra,21.0609,79.294,225.1,0.593,27.8,0.251,997.7,gondite_archean,0.784
Andhra Pradesh,17.9342,83.4354,595.5,0.397,28.8,0.149,1320.7,kodurite_archean,0.5
Andhra Pradesh,17.8023,84.3689,651.3,0.644,30.9,0.284,717.8,kodurite_archean,0.351
Maharashtra,19.6326,80.2311,182.3,0.226,37.7,0.252,1631.6,gondite_archean,0.618
Karnataka,16.3971,76.877,582.5,0.56,31.2,0.179,1003.5,archean,0.519
Maharashtra,19.5833,79.7507,697.7,0.281,23.0,0.089,1366.6,gondite_archean,0.704
Andhra Pradesh,17.5675,83.9683,373.1,0.437,36.9,0.15,1211.9,kodurite_archean,0.302
Madhya Pradesh,21.6113,76.3675,631.1,0.729,22.8,0.317,1334.6,gondite_archean,0.898
Madhya Pradesh,22.751,74.5552,171.9,0.511,27.5,0.325,1147.2,gondite_archean,0.747
Odisha,21.0764,85.9424,820.2,0.625,32.8,0.254,1740.5,gondite_archean,0.697
Odisha,19.5033,84.4518,274.3,0.547,32.1,0.228,717.9,gondite_archean,0.639
Maharashtra,20.3914,79.1855,207.7,0.207,35.3,0.326,1414.8,gondite_archean,0.745
Odisha,20.7061,86.0513,723.9,0.221,22.0,0.264,1092.3,gondite_archean,0.733
Jharkhand,23.1315,86.0289,168.0,0.479,28.1,0.232,1127.6,archean,0.572
Odisha,19.7849,84.6022,177.3,0.256,37.8,0.183,1285.1,gondite_archean,0.745
Karnataka,13.9873,76.1108,638.0,0.559,27.0,0.09,1395.6,archean,0.596
Odisha,21.2355,85.927,660.5,0.602,36.0,0.2,1503.3,gondite_archean,0.649
Odisha,20.3536,85.0506,593.7,0.66,25.1,0.088,1759.8,gondite_archean,0.771
Odisha,20.9355,85.5495,533.1,0.202,22.9,0.082,1344.1,gondite_archean,0.527
Madhya Pradesh,23.8702,74.3326,498.5,0.564,26.0,0.142,1375.0,gondite_archean,0.733
Goa,15.6479,74.0916,684.2,0.369,32.3,0.19,908.9,laterite,0.291
Karnataka,17.9237,74.5837,352.6,0.184,34.3,0.261,1064.5,archean,0.631
Maharashtra,19.9898,80.0125,463.3,0.397,37.0,0.125,832.5,gondite_archean,0.695
Karnataka,12.4032,75.8572,504.7,0.247,32.5,0.349,1196.9,archean,0.536
Karnataka,14.6046,74.9606,806.6,0.399,28.2,0.248,1186.2,archean,0.513
Andhra Pradesh,18.9108,83.7975,863.7,0.241,29.6,0.231,1339.9,kodurite_archean,0.362
Karnataka,14.1975,75.0073,413.4,0.248,33.7,0.113,764.4,archean,0.646
Andhra Pradesh,18.3655,83.191,742.4,0.474,23.3,0.22,1698.8,kodurite_archean,0.488
Karnataka,13.9261,75.0739,221.2,0.41,31.5,0.074,1733.5,archean,0.585
Andhra Pradesh,17.6203,83.4537,604.1,0.647,34.5,0.133,1735.0,kodurite_archean,0.536
Odisha,22.1254,86.8983,241.7,0.583,22.6,0.172,1267.9,gondite_archean,0.767
Maharashtra,20.2032,80.1194,860.4,0.163,37.7,0.076,1595.8,gondite_archean,0.643
Odisha,19.8965,85.0395,615.2,0.379,22.9,0.23,1692.6,gondite_archean,0.605
Karnataka,12.3144,77.782,761.1,0.503,27.6,0.29,1310.2,archean,0.541
Andhra Pradesh,18.4472,84.0688,578.9,0.398,37.3,0.212,1365.6,kodurite_archean,0.42
Madhya Pradesh,21.6469,74.4767,583.5,0.608,30.4,0.118,1433.2,gondite_archean,0.634
Odisha,20.8255,84.0718,247.6,0.271,28.2,0.065,1137.6,gondite_archean,0.437
Karnataka,17.4545,75.0813,504.6,0.187,23.1,0.222,1322.6,archean,0.653
Andhra Pradesh,18.3368,84.4196,139.0,0.209,22.7,0.106,1295.4,kodurite_archean,0.3
Goa,15.6737,73.9483,161.8,0.252,24.0,0.087,1270.4,laterite,0.241
Odisha,20.5744,86.9633,647.5,0.719,24.3,0.165,1310.2,gondite_archean,0.827
Karnataka,15.1827,76.1618,119.2,0.351,24.8,0.08,1752.4,archean,0.636
Madhya Pradesh,23.5503,76.5229,414.5,0.292,23.6,0.104,1577.3,gondite_archean,0.698
Karnataka,17.9958,74.7909,324.5,0.36,34.5,0.348,964.7,archean,0.682
Andhra Pradesh,18.7459,82.9493,419.5,0.396,37.7,0.104,1579.1,kodurite_archean,0.46
Karnataka,15.7593,77.8304,743.3,0.67,23.0,0.258,854.0,archean,0.535
Karnataka,15.5658,76.111,515.7,0.748,24.2,0.253,1135.6,archean,0.578
Maharashtra,20.2095,79.3368,386.2,0.506,31.2,0.098,1218.9,gondite_archean,0.613
Madhya Pradesh,22.996,75.6809,693.8,0.165,27.7,0.284,1320.3,gondite_archean,0.71
Madhya Pradesh,23.7869,79.8802,588.1,0.443,24.1,0.128,1161.0,gondite_archean,0.608
Madhya Pradesh,22.798,76.3055,105.2,0.448,26.6,0.27,726.3,gondite_archean,0.732
Odisha,20.9149,83.82,600.5,0.48,28.5,0.206,1686.2,gondite_archean,0.722
Odisha,19.5677,86.5158,561.7,0.684,31.6,0.293,1172.6,gondite_archean,0.771
Madhya Pradesh,21.6327,76.1504,258.9,0.298,26.9,0.217,1346.8,gondite_archean,0.682
Karnataka,16.0002,74.8263,170.2,0.253,30.3,0.114,1011.6,archean,0.589
Odisha,21.4481,85.8411,738.9,0.71,22.3,0.096,1674.8,gondite_archean,0.72
Karnataka,15.6698,77.1521,643.3,0.709,38.0,0.266,1015.9,archean,0.633
Odisha,20.162,83.9834,787.3,0.45,32.8,0.122,1533.8,gondite_archean,0.679
Maharashtra,19.7815,79.3214,267.8,0.736,32.3,0.33,1033.7,gondite_archean,0.807
Maharashtra,21.4141,79.2871,204.6,0.553,33.7,0.223,927.5,gondite_archean,0.76
Karnataka,14.0292,76.2099,616.2,0.597,25.7,0.172,996.1,archean,0.619
Goa,15.2962,74.1756,817.6,0.658,24.9,0.337,1114.3,laterite,0.289
Karnataka,12.4058,76.4447,187.2,0.299,27.1,0.293,1663.0,archean,0.603
Andhra Pradesh,18.647,82.7934,652.3,0.717,32.9,0.149,1250.6,kodurite_archean,0.404
Madhya Pradesh,22.787,74.9596,349.7,0.631,35.8,0.091,1747.6,gondite_archean,0.817
Maharashtra,21.0299,80.3915,350.3,0.665,24.1,0.262,1516.2,gondite_archean,0.663
Maharashtra,19.6308,80.2461,235.1,0.182,33.5,0.193,1634.0,gondite_archean,0.573
Andhra Pradesh,18.3234,82.8784,676.3,0.457,31.7,0.188,1611.6,kodurite_archean,0.368
Andhra Pradesh,18.5641,82.7108,771.1,0.553,33.2,0.159,1667.2,kodurite_archean,0.373
Karnataka,17.7615,74.6888,869.1,0.557,32.1,0.131,973.7,archean,0.587
Goa,15.2386,74.1878,414.5,0.234,22.2,0.213,1773.4,laterite,0.154
Karnataka,15.3835,76.2627,803.9,0.453,30.1,0.092,1781.0,archean,0.47
Odisha,19.7201,85.821,576.3,0.399,28.8,0.286,915.3,gondite_archean,0.719
Karnataka,14.9772,75.5266,701.7,0.458,27.1,0.229,1795.3,archean,0.652
Karnataka,17.9845,75.8801,143.8,0.273,28.7,0.116,700.2,archean,0.448
Odisha,19.7028,86.0341,843.0,0.408,23.9,0.204,1083.7,gondite_archean,0.719
Karnataka,16.0386,77.3749,188.5,0.171,37.9,0.12,759.2,archean,0.568
Karnataka,14.8872,77.2023,507.1,0.667,35.9,0.053,1555.9,archean,0.563
Karnataka,18.4275,76.4329,889.5,0.603,26.0,0.212,1791.3,archean,0.536
Odisha,20.7104,84.3216,755.1,0.352,35.2,0.05,1038.6,gondite_archean,0.746
Odisha,20.2007,83.7387,249.7,0.483,26.7,0.175,1114.6,gondite_archean,0.55
Odisha,22.3602,83.7108,338.1,0.329,27.1,0.099,1561.5,gondite_archean,0.663
Odisha,21.4047,83.9335,156.4,0.696,25.0,0.296,1299.1,gondite_archean,0.796
Odisha,22.0618,83.5463,509.4,0.612,37.0,0.323,1601.6,gondite_archean,0.72
Goa,15.1594,73.9421,331.2,0.376,28.3,0.213,875.9,laterite,0.196
Karnataka,15.2717,77.6858,691.6,0.537,24.5,0.214,796.2,archean,0.599
Karnataka,14.6879,74.6592,319.2,0.723,37.3,0.156,747.4,archean,0.566
Goa,15.113,74.1818,186.9,0.739,28.1,0.283,1076.9,laterite,0.261
Madhya Pradesh,21.6721,75.1682,850.5,0.701,36.2,0.238,1589.1,gondite_archean,0.744
Karnataka,16.1317,75.9238,218.8,0.508,35.0,0.165,845.5,archean,0.517
Odisha,20.2124,84.5496,614.2,0.511,33.1,0.159,1606.4,gondite_archean,0.702
Andhra Pradesh,17.7702,82.7197,806.9,0.356,32.9,0.058,1459.1,kodurite_archean,0.258
Karnataka,12.3623,76.9393,292.6,0.382,23.3,0.094,1027.8,archean,0.526
Odisha,20.423,86.7412,229.4,0.729,25.3,0.272,1301.3,gondite_archean,0.744
Goa,15.4432,74.0673,256.4,0.25,36.7,0.148,1109.3,laterite,0.181
Jharkhand,23.4759,86.1949,804.7,0.18,26.1,0.19,949.7,archean,0.577
Maharashtra,21.298,79.3475,373.7,0.727,29.1,0.197,1086.8,gondite_archean,0.755
Maharashtra,21.0295,79.1837,447.0,0.659,27.8,0.288,1735.1,gondite_archean,0.818
Madhya Pradesh,23.5957,80.4408,776.0,0.387,22.8,0.171,1441.1,gondite_archean,0.798
Karnataka,16.1258,75.2457,699.5,0.477,25.3,0.138,1523.5,archean,0.542
Karnataka,13.4042,78.3691,672.1,0.724,28.8,0.193,1687.8,archean,0.753
Odisha,20.8402,83.9321,264.8,0.151,22.6,0.343,966.6,gondite_archean,0.657
Maharashtra,21.0977,79.6013,222.5,0.587,31.6,0.269,1546.7,gondite_archean,0.741
Karnataka,16.215,74.7738,817.9,0.222,27.2,0.295,1357.0,archean,0.551
Karnataka,15.0773,77.9182,372.0,0.672,23.4,0.283,1632.3,archean,0.601
Odisha,21.6198,85.3737,608.3,0.268,25.4,0.062,1054.3,gondite_archean,0.55
Madhya Pradesh,24.0028,79.3354,448.3,0.722,33.5,0.329,1280.3,gondite_archean,0.72
Karnataka,15.4611,76.7577,580.5,0.25,28.1,0.235,1766.8,archean,0.56
Maharashtra,21.3065,80.0244,573.4,0.265,32.7,0.237,1362.7,gondite_archean,0.885
Karnataka,15.3755,75.2902,744.1,0.261,23.4,0.181,1424.1,archean,0.444
Karnataka,13.7989,76.7327,377.6,0.71,36.8,0.201,1060.7,archean,0.459
Goa,15.0096,74.0764,692.5,0.441,23.4,0.342,1269.8,laterite,0.273
Madhya Pradesh,21.8281,77.868,443.3,0.195,23.7,0.301,963.8,gondite_archean,0.647
Maharashtra,19.1549,79.6536,195.4,0.172,22.8,0.3,829.8,gondite_archean,0.539
Odisha,20.8137,86.454,309.9,0.403,22.6,0.185,1335.4,gondite_archean,0.557
Karnataka,12.6931,75.9672,179.6,0.61,37.5,0.341,1651.6,archean,0.669
Madhya Pradesh,23.453,76.2816,604.6,0.423,29.7,0.277,1010.1,gondite_archean,0.727
Odisha,20.9569,86.6948,588.3,0.478,26.0,0.153,1637.3,gondite_archean,0.691
Madhya Pradesh,22.8016,74.7966,112.8,0.728,28.0,0.231,787.7,gondite_archean,0.773
Madhya Pradesh,21.4414,78.6538,713.1,0.394,36.1,0.245,1689.2,gondite_archean,0.714
Madhya Pradesh,21.4595,76.4775,261.4,0.695,34.2,0.253,1031.1,gondite_archean,0.783
Karnataka,13.4676,76.9665,132.3,0.346,29.5,0.094,1783.1,archean,0.491
Odisha,19.8911,84.2124,715.2,0.405,31.0,0.056,737.9,gondite_archean,0.749
Goa,15.0694,74.0692,830.6,0.383,35.3,0.09,1728.9,laterite,0.255
Maharashtra,21.3533,79.8532,390.7,0.713,26.4,0.15,1470.9,gondite_archean,0.79
Maharashtra,19.1595,79.2744,326.2,0.333,37.7,0.243,1489.4,gondite_archean,0.641
Jharkhand,22.7544,86.6037,447.6,0.672,24.9,0.334,940.6,archean,0.687
Karnataka,15.9534,76.2783,693.9,0.287,22.9,0.14,1221.7,archean,0.463
Odisha,20.5644,84.8999,145.9,0.5,36.1,0.096,1357.6,gondite_archean,0.636
Maharashtra,20.0268,79.5093,105.9,0.565,32.6,0.062,1105.1,gondite_archean,0.826
Jharkhand,22.8415,86.0039,827.9,0.58,31.3,0.289,1650.8,archean,0.497
Karnataka,18.2836,77.2887,166.6,0.668,29.7,0.071,1304.7,archean,0.405
Karnataka,17.7054,75.316,761.2,0.485,22.9,0.342,1263.9,archean,0.56
Andhra Pradesh,17.9574,82.8854,203.3,0.329,34.5,0.191,950.2,kodurite_archean,0.223
Odisha,20.4982,86.7897,374.4,0.743,29.8,0.104,1680.3,gondite_archean,0.883
Jharkhand,22.1004,85.1934,676.4,0.319,24.9,0.062,724.0,archean,0.479
Maharashtra,19.3361,79.4354,584.7,0.407,22.4,0.285,711.6,gondite_archean,0.707
Karnataka,15.481,76.4079,411.4,0.682,36.3,0.151,1376.6,archean,0.621
Goa,15.7696,74.0545,462.3,0.317,37.3,0.093,1337.8,laterite,0.178
Karnataka,18.4922,74.7199,562.8,0.2,24.5,0.182,1261.5,archean,0.438
Odisha,20.4494,83.8044,342.6,0.73,37.1,0.15,1327.9,gondite_archean,0.751
Odisha,20.2729,85.0748,654.3,0.59,37.9,0.136,1292.0,gondite_archean,0.757
Madhya Pradesh,22.4198,75.3533,882.0,0.662,30.0,0.231,950.0,gondite_archean,0.863
Karnataka,18.4369,76.9454,396.8,0.613,24.7,0.165,1081.7,archean,0.611
Karnataka,17.0816,76.4367,735.2,0.496,27.5,0.293,962.1,archean,0.569
Odisha,19.5273,85.769,508.9,0.417,37.5,0.221,1649.8,gondite_archean,0.593
Odisha,21.2076,86.5379,566.5,0.581,28.0,0.078,1203.7,gondite_archean,0.777
Odisha,22.4002,86.8535,298.1,0.359,36.3,0.34,1187.8,gondite_archean,0.669
Karnataka,15.4196,77.2511,318.8,0.592,22.8,0.065,1124.9,archean,0.474
Karnataka,14.0848,75.269,347.6,0.735,28.6,0.183,1334.2,archean,0.539
Jharkhand,22.4832,86.3626,672.8,0.514,23.4,0.253,770.5,archean,0.668
Odisha,22.0249,83.6062,775.1,0.426,25.5,0.09,1748.6,gondite_archean,0.735
Odisha,20.0973,84.7174,596.2,0.477,24.0,0.137,962.6,gondite_archean,0.656
Maharashtra,19.5436,79.2334,412.7,0.736,37.3,0.29,965.8,gondite_archean,0.657
Odisha,20.4507,84.4338,504.7,0.617,35.7,0.303,1095.6,gondite_archean,0.655
Odisha,21.6047,83.5344,427.3,0.348,33.1,0.28,1034.5,gondite_archean,0.755
Andhra Pradesh,17.9409,83.3927,681.6,0.566,37.8,0.118,1428.5,kodurite_archean,0.458
Odisha,21.7554,85.4889,319.7,0.435,27.3,0.224,1677.9,gondite_archean,0.72
Madhya Pradesh,23.211,78.15,140.9,0.29,29.9,0.143,899.9,gondite_archean,0.505
Odisha,20.892,83.9665,842.2,0.671,33.3,0.082,1553.5,gondite_archean,0.739
Andhra Pradesh,18.6516,82.7279,615.1,0.651,31.2,0.244,1204.2,kodurite_archean,0.392
Madhya Pradesh,21.2851,77.4801,334.1,0.477,24.1,0.257,1574.5,gondite_archean,0.717
Odisha,19.8129,84.0093,801.7,0.467,29.5,0.082,1414.5,gondite_archean,0.702
Madhya Pradesh,21.2635,74.8992,139.4,0.304,24.2,0.128,1123.6,gondite_archean,0.667
Goa,15.4883,74.2175,668.3,0.218,33.8,0.133,1403.0,laterite,0.17
Goa,15.0197,74.1483,680.3,0.652,37.6,0.343,771.8,laterite,0.256
Andhra Pradesh,18.4695,83.7947,202.7,0.54,37.7,0.324,1183.0,kodurite_archean,0.406
Andhra Pradesh,18.5522,83.4187,144.1,0.406,29.5,0.329,1405.2,kodurite_archean,0.367
Karnataka,15.4146,74.7642,878.1,0.366,29.6,0.157,1450.8,archean,0.63
Odisha,20.447,83.9384,624.4,0.174,31.6,0.311,1679.9,gondite_archean,0.729
Karnataka,14.9855,74.8079,636.6,0.643,25.9,0.176,1622.7,archean,0.58
Madhya Pradesh,21.6737,74.815,828.9,0.642,34.2,0.065,1628.1,gondite_archean,0.765
Karnataka,14.2256,76.6859,173.1,0.604,31.3,0.106,907.1,archean,0.65
Odisha,19.647,85.5047,755.6,0.346,27.6,0.229,1001.6,gondite_archean,0.691
Odisha,21.7057,85.6898,564.6,0.595,32.8,0.112,1087.7,gondite_archean,0.77
Jharkhand,23.2567,85.3682,184.5,0.638,31.3,0.235,1559.6,archean,0.636
Maharashtra,21.0861,78.6124,698.0,0.661,26.6,0.242,1045.6,gondite_archean,0.652
Maharashtra,19.4397,78.9708,495.5,0.699,25.4,0.093,1534.9,gondite_archean,0.762
Karnataka,17.9266,75.0865,616.7,0.29,24.5,0.255,1353.1,archean,0.477
Karnataka,14.6356,78.4364,333.8,0.327,27.7,0.219,977.6,archean,0.602
Goa,15.2125,74.2479,182.8,0.544,36.5,0.101,1765.2,laterite,0.351
Maharashtra,19.754,78.8766,343.0,0.206,24.3,0.081,1165.2,gondite_archean,0.627
Maharashtra,19.3535,78.7606,614.7,0.268,23.6,0.1,1716.1,gondite_archean,0.627
Madhya Pradesh,22.8805,79.417,646.1,0.527,26.3,0.062,1201.1,gondite_archean,0.77
Goa,15.4556,74.2162,893.3,0.248,33.1,0.252,1778.0,laterite,0.314
Odisha,21.8421,86.6857,406.3,0.528,28.9,0.181,1041.4,gondite_archean,0.658
Maharashtra,21.3404,80.3815,239.8,0.675,33.8,0.126,774.0,gondite_archean,0.748
Madhya Pradesh,23.5237,76.0572,675.5,0.167,28.0,0.238,860.7,gondite_archean,0.615
Andhra Pradesh,17.8525,83.8046,424.2,0.508,23.7,0.055,1700.5,kodurite_archean,0.45
Jharkhand,22.4229,85.5303,630.3,0.729,36.7,0.201,1574.6,archean,0.582
Odisha,22.4323,86.8752,231.0,0.33,23.6,0.132,1597.6,gondite_archean,0.621
Karnataka,18.379,77.0187,432.9,0.25,37.8,0.296,1009.6,archean,0.505
Odisha,19.6699,83.9213,564.6,0.707,29.9,0.303,1190.5,gondite_archean,0.826
Odisha,20.5836,85.7306,156.6,0.367,30.6,0.349,1222.0,gondite_archean,0.757
Andhra Pradesh,18.1481,84.0928,576.3,0.682,28.6,0.231,1393.0,kodurite_archean,0.362
Odisha,19.55,86.5574,289.2,0.277,33.8,0.146,1256.6,gondite_archean,0.637
Odisha,22.3792,86.4805,791.0,0.394,34.2,0.093,709.5,gondite_archean,0.662
Karnataka,15.3671,74.5299,438.1,0.581,29.1,0.27,956.3,archean,0.561
Andhra Pradesh,18.3826,82.9215,289.4,0.527,35.3,0.175,984.1,kodurite_archean,0.418
Karnataka,15.1714,75.317,601.4,0.365,37.9,0.194,1234.5,archean,0.598
Madhya Pradesh,24.2086,80.4065,460.9,0.581,31.4,0.198,911.5,gondite_archean,0.598
Goa,15.2683,74.2761,526.4,0.529,30.7,0.089,1113.4,laterite,0.267
Odisha,21.3689,85.0641,722.4,0.282,24.6,0.172,1719.2,gondite_archean,0.626
Karnataka,12.5474,78.4383,633.1,0.321,31.4,0.083,1762.4,archean,0.651
Odisha,21.4441,84.3591,674.0,0.616,32.8,0.234,1681.7,gondite_archean,0.727
Odisha,22.464,84.8629,686.1,0.561,25.4,0.122,1009.4,gondite_archean,0.662
Karnataka,13.5231,74.5786,803.5,0.729,27.5,0.152,707.8,archean,0.66
Odisha,19.979,86.2653,593.0,0.177,32.0,0.143,1105.6,gondite_archean,0.667
Maharashtra,21.0273,79.3007,857.7,0.394,34.3,0.195,1687.3,gondite_archean,0.653
Andhra Pradesh,18.7752,83.0783,861.8,0.18,24.4,0.211,1333.4,kodurite_archean,0.376
Madhya Pradesh,21.0594,81.6829,135.7,0.236,22.2,0.22,1725.5,gondite_archean,0.738
Odisha,21.126,85.1085,499.2,0.193,33.0,0.201,1541.7,gondite_archean,0.688
Karnataka,12.971,77.093,237.9,0.673,31.8,0.097,1758.6,archean,0.55
Madhya Pradesh,21.8862,80.4295,754.3,0.737,30.0,0.186,1528.8,gondite_archean,0.761
Odisha,21.1407,85.4119,171.6,0.401,35.7,0.307,809.2,gondite_archean,0.667
Andhra Pradesh,17.6934,83.94,180.9,0.524,27.7,0.287,957.1,kodurite_archean,0.372
Madhya Pradesh,21.8249,79.7093,798.9,0.226,35.9,0.228,839.8,gondite_archean,0.559
Maharashtra,20.8972,78.7116,504.9,0.639,37.0,0.204,1745.3,gondite_archean,0.729
Madhya Pradesh,22.3797,80.7856,494.4,0.433,29.8,0.304,1615.1,gondite_archean,0.594
Karnataka,15.723,75.4533,735.2,0.442,27.3,0.082,962.7,archean,0.467
Goa,15.2441,73.8844,468.5,0.334,22.6,0.147,1298.5,laterite,0.112
Karnataka,18.2759,76.0094,306.6,0.296,29.3,0.278,926.6,archean,0.577
Maharashtra,19.0529,79.3379,720.7,0.353,31.0,0.111,1516.2,gondite_archean,0.695
Karnataka,16.6974,75.7769,824.7,0.226,24.9,0.198,790.1,archean,0.482
Odisha,22.3313,86.9177,401.0,0.704,30.7,0.131,1472.6,gondite_archean,0.806
Odisha,19.8409,83.5137,899.6,0.631,34.6,0.203,1030.1,gondite_archean,0.642
Odisha,20.354,84.8159,705.0,0.474,23.2,0.055,812.6,gondite_archean,0.721
Madhya Pradesh,23.8064,77.731,389.3,0.215,36.0,0.285,884.9,gondite_archean,0.636
Karnataka,15.1679,77.0004,856.9,0.498,30.6,0.065,769.2,archean,0.601
Odisha,22.0082,84.0418,340.9,0.299,28.0,0.126,1237.8,gondite_archean,0.723
Karnataka,18.4127,74.7237,213.7,0.182,32.0,0.066,1620.1,archean,0.716
Madhya Pradesh,21.5978,75.5815,355.1,0.506,25.4,0.085,1767.1,gondite_archean,0.804
Odisha,21.9081,86.2581,337.8,0.231,24.3,0.259,1407.1,gondite_archean,0.602
Odisha,22.0266,84.2326,158.0,0.572,28.4,0.326,1415.3,gondite_archean,0.77
Odisha,22.3436,84.405,369.8,0.391,22.8,0.199,835.7,gondite_archean,0.553
Maharashtra,21.0079,78.8068,393.2,0.374,24.4,0.29,1478.0,gondite_archean,0.616
Odisha,20.6002,83.8703,602.6,0.223,37.8,0.284,1129.3,gondite_archean,0.712
Madhya Pradesh,21.6107,77.0296,774.5,0.537,32.4,0.31,1683.4,gondite_archean,0.746
Goa,15.0759,74.0721,692.4,0.604,31.7,0.1,1577.2,laterite,0.281
Karnataka,13.1309,75.8499,114.5,0.39,30.8,0.236,1429.8,archean,0.571
Andhra Pradesh,17.8232,82.741,781.2,0.244,37.6,0.303,1251.0,kodurite_archean,0.423
Karnataka,18.0344,74.7625,539.5,0.505,32.4,0.127,1101.0,archean,0.459
Andhra Pradesh,17.7924,84.1537,550.1,0.607,33.4,0.112,1325.7,kodurite_archean,0.396
Jharkhand,22.9044,85.2856,411.5,0.721,27.1,0.31,1669.4,archean,0.708
Karnataka,12.5412,77.3982,349.2,0.62,29.1,0.196,1555.7,archean,0.529
Karnataka,14.3877,76.6038,747.0,0.367,30.4,0.251,996.4,archean,0.393
Odisha,22.3002,86.0324,561.7,0.539,22.5,0.235,1260.5,gondite_archean,0.569
Odisha,20.08,86.8276,427.0,0.43,22.8,0.061,1488.9,gondite_archean,0.731
Madhya Pradesh,22.7805,75.945,695.8,0.251,25.0,0.188,1014.9,gondite_archean,0.698
Madhya Pradesh,23.8858,77.3417,158.5,0.314,37.7,0.229,1480.7,gondite_archean,0.588
Odisha,21.0546,83.6314,555.4,0.702,37.5,0.212,1204.0,gondite_archean,0.756
Odisha,20.8972,84.3409,475.8,0.423,31.3,0.157,880.7,gondite_archean,0.703
Karnataka,17.3963,77.156,370.7,0.711,36.6,0.113,743.4,archean,0.638
Jharkhand,23.7797,86.2011,524.0,0.167,25.9,0.188,1391.4,archean,0.541
Madhya Pradesh,23.5992,76.2381,552.0,0.203,28.6,0.275,1462.7,gondite_archean,0.513
Karnataka,17.5702,77.2368,806.0,0.272,36.0,0.068,1677.5,archean,0.519
Karnataka,14.0448,76.5484,852.6,0.179,27.6,0.307,1135.7,archean,0.487
Karnataka,17.9502,77.5477,504.1,0.743,29.4,0.067,988.5,archean,0.501
Karnataka,13.0199,78.2903,713.5,0.311,31.5,0.266,1735.4,archean,0.552
Maharashtra,20.4054,79.6054,191.8,0.226,30.5,0.131,723.1,gondite_archean,0.701
Maharashtra,19.0812,79.6906,531.4,0.731,29.7,0.069,1306.9,gondite_archean,0.612
Goa,15.153,74.1077,424.6,0.175,27.6,0.13,1454.7,laterite,0.176
Goa,15.2144,74.2057,144.3,0.473,23.1,0.33,1543.0,laterite,0.38
Madhya Pradesh,24.3913,79.7117,839.7,0.46,23.9,0.208,839.6,gondite_archean,0.721
Madhya Pradesh,22.6887,78.9806,108.0,0.267,29.9,0.335,1122.0,gondite_archean,0.785
Madhya Pradesh,22.0462,77.2865,274.2,0.73,24.1,0.162,728.4,gondite_archean,0.691
Odisha,21.8414,84.2041,164.1,0.435,22.2,0.075,1588.4,gondite_archean,0.699
Andhra Pradesh,18.5248,82.6047,726.3,0.657,34.8,0.203,956.2,kodurite_archean,0.426
Andhra Pradesh,18.5907,84.4615,224.6,0.285,25.4,0.288,905.6,kodurite_archean,0.424
Madhya Pradesh,24.1557,81.4095,107.3,0.195,26.0,0.251,1677.1,gondite_archean,0.632
Karnataka,15.9453,75.254,744.0,0.73,26.3,0.198,794.7,archean,0.61
Odisha,20.8262,84.6694,517.5,0.501,22.1,0.278,1484.3,gondite_archean,0.924
Karnataka,12.3441,77.5197,864.1,0.294,27.2,0.105,1334.6,archean,0.49
Maharashtra,20.4003,79.2729,436.2,0.487,22.1,0.074,1669.4,gondite_archean,0.632
Odisha,21.6204,86.7201,316.5,0.372,31.1,0.315,1736.1,gondite_archean,0.678
Maharashtra,20.0258,79.4414,139.3,0.265,34.6,0.186,1031.8,gondite_archean,0.665
Karnataka,17.5536,77.496,317.9,0.221,26.0,0.326,1339.7,archean,0.693
Karnataka,17.2462,76.5931,193.4,0.227,30.6,0.331,1039.2,archean,0.578
Andhra Pradesh,18.6461,82.9956,129.1,0.211,33.7,0.11,1108.4,kodurite_archean,0.45
Odisha,20.7191,85.1978,532.7,0.641,24.7,0.292,1462.2,gondite_archean,0.749
Madhya Pradesh,23.4483,77.2961,210.7,0.549,30.4,0.242,1071.8,gondite_archean,0.726
Odisha,20.8494,86.1472,735.3,0.447,36.3,0.13,1151.7,gondite_archean,0.743
Goa,15.717,74.1429,787.2,0.203,35.8,0.146,896.2,laterite,0.185
Odisha,20.4617,83.9724,336.9,0.493,29.1,0.154,1521.1,gondite_archean,0.603
Goa,15.6054,73.966,695.6,0.241,24.1,0.154,1588.5,laterite,0.152
Madhya Pradesh,22.8465,79.2435,286.6,0.669,26.9,0.258,717.7,gondite_archean,0.78
Karnataka,14.2861,76.6739,158.2,0.624,25.5,0.253,1583.5,archean,0.72
Maharashtra,19.8888,80.1177,335.8,0.493,33.9,0.164,1033.0,gondite_archean,0.723
Karnataka,17.3168,78.2197,536.1,0.547,36.5,0.08,955.3,archean,0.616
Andhra Pradesh,18.1227,82.6787,450.2,0.288,26.7,0.282,783.1,kodurite_archean,0.387
Andhra Pradesh,18.1415,83.6921,171.7,0.352,23.4,0.338,1588.0,kodurite_archean,0.283
Goa,15.2757,73.8805,550.5,0.716,22.1,0.121,1732.3,laterite,0.326
Odisha,19.8397,85.4957,789.5,0.436,37.9,0.254,781.5,gondite_archean,0.718
Karnataka,12.562,74.5057,459.7,0.652,31.2,0.35,1015.5,archean,0.484
Odisha,19.9792,84.0742,328.1,0.626,36.5,0.343,955.5,gondite_archean,0.712
Odisha,22.1101,85.7264,231.8,0.408,26.6,0.271,1198.8,gondite_archean,0.746
Jharkhand,22.1095,85.71,485.5,0.452,27.1,0.269,1662.2,archean,0.588
Andhra Pradesh,17.9553,83.297,353.5,0.43,26.6,0.338,1044.1,kodurite_archean,0.471
Odisha,21.0805,83.6998,188.4,0.282,29.4,0.18,1579.7,gondite_archean,0.634
Karnataka,14.057,77.596,141.7,0.158,34.7,0.193,844.0,archean,0.598
Odisha,22.2975,86.5083,667.8,0.439,30.3,0.343,1762.3,gondite_archean,0.764
Odisha,20.1406,85.8663,424.0,0.709,23.4,0.203,1710.4,gondite_archean,0.721
Goa,15.1252,73.9833,595.3,0.246,37.5,0.324,883.6,laterite,0.15
Madhya Pradesh,21.2511,75.8141,845.2,0.695,34.5,0.056,1059.7,gondite_archean,0.572
Madhya Pradesh,21.9632,81.2767,607.1,0.193,36.5,0.337,785.5,gondite_archean,0.512
Karnataka,13.1677,76.8123,866.4,0.452,23.3,0.236,1074.2,archean,0.578
Andhra Pradesh,18.152,82.8857,252.9,0.611,26.2,0.28,926.5,kodurite_archean,0.39
Goa,15.7454,73.9034,386.6,0.24,30.2,0.188,1690.8,laterite,0.113
Goa,15.3069,74.0459,817.0,0.634,22.1,0.146,1164.0,laterite,0.263
Odisha,21.4301,84.4188,141.9,0.289,34.8,0.305,1231.4,gondite_archean,0.629
Karnataka,18.356,75.3023,272.3,0.325,24.8,0.164,1701.9,archean,0.447
Goa,15.0388,73.9051,552.7,0.519,22.6,0.171,1414.1,laterite,0.422
Maharashtra,20.5953,79.1411,174.8,0.406,24.1,0.334,1222.7,gondite_archean,0.775
Karnataka,14.0152,77.7479,793.7,0.554,22.8,0.22,1539.6,archean,0.536
Odisha,20.186,86.5887,116.1,0.602,29.6,0.184,707.8,gondite_archean,0.675
Madhya Pradesh,23.3706,79.621,864.8,0.469,28.4,0.336,1406.3,gondite_archean,0.793
Odisha,19.8794,86.4489,389.7,0.546,29.5,0.11,1361.9,gondite_archean,0.699
Madhya Pradesh,22.5262,79.9894,762.3,0.613,22.6,0.108,1290.3,gondite_archean,0.674
Goa,15.668,74.2213,342.6,0.408,29.5,0.097,734.2,laterite,0.233
Goa,15.4638,74.1335,829.3,0.357,31.9,0.062,905.4,laterite,0.23
Andhra Pradesh,18.6502,83.2013,401.4,0.47,22.0,0.122,929.1,kodurite_archean,0.425
Odisha,20.0746,85.2649,792.5,0.295,23.3,0.157,1522.4,gondite_archean,0.624
Madhya Pradesh,23.8588,81.6767,734.1,0.512,29.9,0.062,1782.8,gondite_archean,0.634
Maharashtra,19.7107,79.6716,569.4,0.417,35.4,0.129,1193.5,gondite_archean,0.655
Madhya Pradesh,23.3227,80.2718,415.8,0.538,24.4,0.33,1121.4,gondite_archean,0.717
Andhra Pradesh,18.2909,84.3597,487.0,0.444,23.9,0.291,971.7,kodurite_archean,0.284
Goa,15.7287,74.2717,516.2,0.556,34.5,0.089,1361.1,laterite,0.295
Odisha,20.0488,84.7777,445.9,0.524,23.2,0.201,900.9,gondite_archean,0.663
Madhya Pradesh,23.2309,78.4537,690.6,0.351,34.2,0.18,1232.6,gondite_archean,0.756
Karnataka,12.5577,74.8637,838.6,0.564,24.0,0.157,1351.7,archean,0.686
Andhra Pradesh,17.5655,82.9733,811.8,0.155,25.2,0.338,1374.7,kodurite_archean,0.331
Odisha,20.2342,86.5852,432.7,0.582,36.7,0.172,910.4,gondite_archean,0.702
Karnataka,17.9025,77.7175,152.7,0.566,31.2,0.322,834.7,archean,0.654
Karnataka,15.133,74.7818,322.5,0.345,37.1,0.135,1207.0,archean,0.535
Maharashtra,19.4055,79.4729,690.8,0.67,32.0,0.251,838.9,gondite_archean,0.681
Goa,15.576,74.1769,275.2,0.416,31.9,0.281,814.4,laterite,0.332
Jharkhand,23.7804,85.5407,758.2,0.461,29.4,0.144,1339.1,archean,0.514
Madhya Pradesh,23.4476,79.689,141.6,0.666,29.3,0.129,965.9,gondite_archean,0.833
Karnataka,17.7644,76.0134,699.8,0.208,29.6,0.348,1547.5,archean,0.532
Odisha,20.7287,86.2303,717.0,0.287,36.8,0.228,1117.9,gondite_archean,0.558
Karnataka,15.933,76.7396,489.1,0.453,24.8,0.294,1295.9,archean,0.594
Goa,15.7578,73.9845,208.4,0.461,23.8,0.33,901.9,laterite,0.253
Odisha,20.7199,84.8411,735.7,0.424,24.7,0.13,1260.0,gondite_archean,0.706
Madhya Pradesh,23.5015,81.5016,829.8,0.718,25.9,0.089,1032.5,gondite_archean,0.658
Goa,15.7776,74.2297,188.0,0.718,28.8,0.053,1186.6,laterite,0.324
Karnataka,15.0773,76.9527,795.0,0.547,28.9,0.296,1696.1,archean,0.556
Odisha,21.0958,84.4958,137.6,0.551,35.8,0.099,1593.7,gondite_archean,0.746
Karnataka,15.5902,74.702,135.1,0.582,29.1,0.127,909.5,archean,0.549
Maharashtra,19.001,80.1118,163.4,0.265,28.2,0.195,1090.5,gondite_archean,0.662
Madhya Pradesh,21.082,77.4414,800.0,0.331,23.5,0.278,1366.6,gondite_archean,0.678
Madhya Pradesh,21.1875,75.124,598.0,0.275,30.1,0.213,1011.9,gondite_archean,0.628
Odisha,20.9783,84.0625,882.6,0.245,29.8,0.159,1403.3,gondite_archean,0.668
Odisha,20.7909,84.4615,810.2,0.174,36.6,0.3,1027.3,gondite_archean,0.645
Karnataka,14.3568,74.7656,891.5,0.174,32.5,0.183,1743.8,archean,0.55
Odisha,21.0963,85.1882,662.3,0.191,25.1,0.114,1512.0,gondite_archean,0.663
Odisha,22.0849,86.7976,514.8,0.361,25.7,0.065,995.4,gondite_archean,0.565
Madhya Pradesh,22.8677,81.5523,417.0,0.566,29.8,0.204,994.6,gondite_archean,0.597
Maharashtra,21.3516,79.1586,133.8,0.448,30.7,0.101,1536.5,gondite_archean,0.517
Jharkhand,23.8915,85.3942,800.3,0.573,29.3,0.212,1634.6,archean,0.432
Karnataka,15.7643,75.2563,820.7,0.555,32.1,0.08,1364.6,archean,0.544
Odisha,19.7361,85.3456,422.2,0.503,23.4,0.179,892.3,gondite_archean,0.696
Maharashtra,19.8135,78.6895,880.7,0.322,28.8,0.245,727.2,gondite_archean,0.678
Andhra Pradesh,18.3049,83.0564,149.3,0.247,36.3,0.256,974.9,kodurite_archean,0.356
Madhya Pradesh,22.4158,76.9089,273.5,0.552,37.5,0.103,1356.8,gondite_archean,0.679
